"nutrient_name","nutrient_conc","species","campaign","date","sample_id"
"al_mg_kg",13.8,"FASY",1,2024-05-28,"FASY_01"
"ca_mg_kg",8047,"FASY",1,2024-05-28,"FASY_01"
"fe_mg_kg",56.3,"FASY",1,2024-05-28,"FASY_01"
"k_mg_kg",4900,"FASY",1,2024-05-28,"FASY_01"
"mg_mg_kg",725,"FASY",1,2024-05-28,"FASY_01"
"mn_mg_kg",72.2,"FASY",1,2024-05-28,"FASY_01"
"p_mg_kg",912,"FASY",1,2024-05-28,"FASY_01"
"s_mg_kg",948,"FASY",1,2024-05-28,"FASY_01"
"zn_mg_kg",20.4,"FASY",1,2024-05-28,"FASY_01"
"al_mg_kg",10.8,"FASY",1,2024-05-28,"FASY_02"
"ca_mg_kg",10565,"FASY",1,2024-05-28,"FASY_02"
"fe_mg_kg",63,"FASY",1,2024-05-28,"FASY_02"
"k_mg_kg",3581,"FASY",1,2024-05-28,"FASY_02"
"mg_mg_kg",645,"FASY",1,2024-05-28,"FASY_02"
"mn_mg_kg",82.8,"FASY",1,2024-05-28,"FASY_02"
"na_mg_kg",101,"FASY",1,2024-05-28,"FASY_02"
"p_mg_kg",884,"FASY",1,2024-05-28,"FASY_02"
"s_mg_kg",987,"FASY",1,2024-05-28,"FASY_02"
"zn_mg_kg",18.4,"FASY",1,2024-05-28,"FASY_02"
"al_mg_kg",35.5,"FASY",1,2024-05-28,"FASY_03"
"ca_mg_kg",10890,"FASY",1,2024-05-28,"FASY_03"
"fe_mg_kg",115,"FASY",1,2024-05-28,"FASY_03"
"k_mg_kg",6147,"FASY",1,2024-05-28,"FASY_03"
"mg_mg_kg",1993,"FASY",1,2024-05-28,"FASY_03"
"mn_mg_kg",101,"FASY",1,2024-05-28,"FASY_03"
"p_mg_kg",1217,"FASY",1,2024-05-28,"FASY_03"
"s_mg_kg",1176,"FASY",1,2024-05-28,"FASY_03"
"zn_mg_kg",19.9,"FASY",1,2024-05-28,"FASY_03"
"al_mg_kg",10.9,"FASY",1,2024-05-28,"FASY_04"
"ca_mg_kg",8305,"FASY",1,2024-05-28,"FASY_04"
"fe_mg_kg",113,"FASY",1,2024-05-28,"FASY_04"
"k_mg_kg",5309,"FASY",1,2024-05-28,"FASY_04"
"mg_mg_kg",1071,"FASY",1,2024-05-28,"FASY_04"
"mn_mg_kg",79.2,"FASY",1,2024-05-28,"FASY_04"
"na_mg_kg",61.7,"FASY",1,2024-05-28,"FASY_04"
"p_mg_kg",1071,"FASY",1,2024-05-28,"FASY_04"
"s_mg_kg",1061,"FASY",1,2024-05-28,"FASY_04"
"zn_mg_kg",33.8,"FASY",1,2024-05-28,"FASY_04"
"ca_mg_kg",5099,"FREX",1,2024-05-28,"FREX_05"
"fe_mg_kg",73.4,"FREX",1,2024-05-28,"FREX_05"
"k_mg_kg",9492,"FREX",1,2024-05-28,"FREX_05"
"mg_mg_kg",1486,"FREX",1,2024-05-28,"FREX_05"
"mn_mg_kg",19.6,"FREX",1,2024-05-28,"FREX_05"
"p_mg_kg",3406,"FREX",1,2024-05-28,"FREX_05"
"s_mg_kg",2208,"FREX",1,2024-05-28,"FREX_05"
"zn_mg_kg",46.3,"FREX",1,2024-05-28,"FREX_05"
"ca_mg_kg",10122,"FREX",1,2024-05-28,"FREX_06"
"fe_mg_kg",66.4,"FREX",1,2024-05-28,"FREX_06"
"k_mg_kg",10188,"FREX",1,2024-05-28,"FREX_06"
"mg_mg_kg",1778,"FREX",1,2024-05-28,"FREX_06"
"mn_mg_kg",23.1,"FREX",1,2024-05-28,"FREX_06"
"p_mg_kg",2135,"FREX",1,2024-05-28,"FREX_06"
"s_mg_kg",2540,"FREX",1,2024-05-28,"FREX_06"
"zn_mg_kg",38.5,"FREX",1,2024-05-28,"FREX_06"
"ca_mg_kg",5296,"FREX",1,2024-05-28,"FREX_07"
"fe_mg_kg",70,"FREX",1,2024-05-28,"FREX_07"
"k_mg_kg",10471,"FREX",1,2024-05-28,"FREX_07"
"mg_mg_kg",1814,"FREX",1,2024-05-28,"FREX_07"
"mn_mg_kg",16.9,"FREX",1,2024-05-28,"FREX_07"
"p_mg_kg",3981,"FREX",1,2024-05-28,"FREX_07"
"s_mg_kg",2349,"FREX",1,2024-05-28,"FREX_07"
"zn_mg_kg",49,"FREX",1,2024-05-28,"FREX_07"
"al_mg_kg",7.19,"FREX",1,2024-05-28,"FREX_08"
"ca_mg_kg",6595,"FREX",1,2024-05-28,"FREX_08"
"fe_mg_kg",105,"FREX",1,2024-05-28,"FREX_08"
"k_mg_kg",11695,"FREX",1,2024-05-28,"FREX_08"
"mg_mg_kg",1655,"FREX",1,2024-05-28,"FREX_08"
"mn_mg_kg",30.2,"FREX",1,2024-05-28,"FREX_08"
"p_mg_kg",2881,"FREX",1,2024-05-28,"FREX_08"
"s_mg_kg",2197,"FREX",1,2024-05-28,"FREX_08"
"zn_mg_kg",40.3,"FREX",1,2024-05-28,"FREX_08"
"al_mg_kg",99,"FASY",2,2024-07-09,"FASY_01"
"ca_mg_kg",13856,"FASY",2,2024-07-09,"FASY_01"
"fe_mg_kg",108,"FASY",2,2024-07-09,"FASY_01"
"k_mg_kg",6284,"FASY",2,2024-07-09,"FASY_01"
"mg_mg_kg",1524,"FASY",2,2024-07-09,"FASY_01"
"mn_mg_kg",90.5,"FASY",2,2024-07-09,"FASY_01"
"p_mg_kg",1047,"FASY",2,2024-07-09,"FASY_01"
"s_mg_kg",1317,"FASY",2,2024-07-09,"FASY_01"
"zn_mg_kg",31.6,"FASY",2,2024-07-09,"FASY_01"
"al_mg_kg",36.7,"FASY",2,2024-07-09,"FASY_02"
"ca_mg_kg",13217,"FASY",2,2024-07-09,"FASY_02"
"fe_mg_kg",92,"FASY",2,2024-07-09,"FASY_02"
"k_mg_kg",5459,"FASY",2,2024-07-09,"FASY_02"
"mg_mg_kg",870,"FASY",2,2024-07-09,"FASY_02"
"mn_mg_kg",97.6,"FASY",2,2024-07-09,"FASY_02"
"na_mg_kg",119,"FASY",2,2024-07-09,"FASY_02"
"p_mg_kg",864,"FASY",2,2024-07-09,"FASY_02"
"s_mg_kg",1210,"FASY",2,2024-07-09,"FASY_02"
"zn_mg_kg",30.6,"FASY",2,2024-07-09,"FASY_02"
"al_mg_kg",53.6,"FASY",2,2024-07-09,"FASY_03"
"ca_mg_kg",12182,"FASY",2,2024-07-09,"FASY_03"
"fe_mg_kg",85.8,"FASY",2,2024-07-09,"FASY_03"
"k_mg_kg",5885,"FASY",2,2024-07-09,"FASY_03"
"mg_mg_kg",1767,"FASY",2,2024-07-09,"FASY_03"
"mn_mg_kg",145,"FASY",2,2024-07-09,"FASY_03"
"na_mg_kg",27.3,"FASY",2,2024-07-09,"FASY_03"
"p_mg_kg",934,"FASY",2,2024-07-09,"FASY_03"
"s_mg_kg",1180,"FASY",2,2024-07-09,"FASY_03"
"zn_mg_kg",26.8,"FASY",2,2024-07-09,"FASY_03"
"al_mg_kg",31.6,"FASY",2,2024-07-09,"FASY_04"
"ca_mg_kg",10769,"FASY",2,2024-07-09,"FASY_04"
"fe_mg_kg",73.7,"FASY",2,2024-07-09,"FASY_04"
"k_mg_kg",5648,"FASY",2,2024-07-09,"FASY_04"
"mg_mg_kg",1094,"FASY",2,2024-07-09,"FASY_04"
"mn_mg_kg",136,"FASY",2,2024-07-09,"FASY_04"
"p_mg_kg",910,"FASY",2,2024-07-09,"FASY_04"
"s_mg_kg",1246,"FASY",2,2024-07-09,"FASY_04"
"zn_mg_kg",39.1,"FASY",2,2024-07-09,"FASY_04"
"al_mg_kg",35.2,"FREX",2,2024-07-09,"FREX_05"
"ca_mg_kg",13187,"FREX",2,2024-07-09,"FREX_05"
"fe_mg_kg",79.3,"FREX",2,2024-07-09,"FREX_05"
"k_mg_kg",7874,"FREX",2,2024-07-09,"FREX_05"
"mg_mg_kg",1739,"FREX",2,2024-07-09,"FREX_05"
"mn_mg_kg",24,"FREX",2,2024-07-09,"FREX_05"
"p_mg_kg",1152,"FREX",2,2024-07-09,"FREX_05"
"s_mg_kg",1822,"FREX",2,2024-07-09,"FREX_05"
"zn_mg_kg",21,"FREX",2,2024-07-09,"FREX_05"
"al_mg_kg",4.83,"FREX",2,2024-07-09,"FREX_06"
"ca_mg_kg",10742,"FREX",2,2024-07-09,"FREX_06"
"fe_mg_kg",45.7,"FREX",2,2024-07-09,"FREX_06"
"k_mg_kg",6930,"FREX",2,2024-07-09,"FREX_06"
"mg_mg_kg",1763,"FREX",2,2024-07-09,"FREX_06"
"mn_mg_kg",11.6,"FREX",2,2024-07-09,"FREX_06"
"p_mg_kg",1109,"FREX",2,2024-07-09,"FREX_06"
"s_mg_kg",1932,"FREX",2,2024-07-09,"FREX_06"
"zn_mg_kg",19,"FREX",2,2024-07-09,"FREX_06"
"al_mg_kg",13.8,"FREX",2,2024-07-09,"FREX_07"
"ca_mg_kg",11960,"FREX",2,2024-07-09,"FREX_07"
"fe_mg_kg",65.2,"FREX",2,2024-07-09,"FREX_07"
"k_mg_kg",7956,"FREX",2,2024-07-09,"FREX_07"
"mg_mg_kg",2220,"FREX",2,2024-07-09,"FREX_07"
"mn_mg_kg",20.4,"FREX",2,2024-07-09,"FREX_07"
"p_mg_kg",1288,"FREX",2,2024-07-09,"FREX_07"
"s_mg_kg",1903,"FREX",2,2024-07-09,"FREX_07"
"zn_mg_kg",18.1,"FREX",2,2024-07-09,"FREX_07"
"al_mg_kg",14.7,"FREX",2,2024-07-09,"FREX_08"
"ca_mg_kg",15437,"FREX",2,2024-07-09,"FREX_08"
"fe_mg_kg",83.7,"FREX",2,2024-07-09,"FREX_08"
"k_mg_kg",6885,"FREX",2,2024-07-09,"FREX_08"
"mg_mg_kg",2010,"FREX",2,2024-07-09,"FREX_08"
"mn_mg_kg",44.3,"FREX",2,2024-07-09,"FREX_08"
"p_mg_kg",1186,"FREX",2,2024-07-09,"FREX_08"
"s_mg_kg",2053,"FREX",2,2024-07-09,"FREX_08"
"zn_mg_kg",19.9,"FREX",2,2024-07-09,"FREX_08"
"al_mg_kg",49.6,"FASY",3,2024-08-13,"FASY_01"
"ca_mg_kg",12037,"FASY",3,2024-08-13,"FASY_01"
"fe_mg_kg",91.3,"FASY",3,2024-08-13,"FASY_01"
"k_mg_kg",7350,"FASY",3,2024-08-13,"FASY_01"
"mg_mg_kg",1360,"FASY",3,2024-08-13,"FASY_01"
"mn_mg_kg",83.1,"FASY",3,2024-08-13,"FASY_01"
"p_mg_kg",899,"FASY",3,2024-08-13,"FASY_01"
"s_mg_kg",1327,"FASY",3,2024-08-13,"FASY_01"
"zn_mg_kg",28.4,"FASY",3,2024-08-13,"FASY_01"
"al_mg_kg",53.7,"FASY",3,2024-08-13,"FASY_02"
"ca_mg_kg",15084,"FASY",3,2024-08-13,"FASY_02"
"fe_mg_kg",97.4,"FASY",3,2024-08-13,"FASY_02"
"k_mg_kg",5068,"FASY",3,2024-08-13,"FASY_02"
"mg_mg_kg",940,"FASY",3,2024-08-13,"FASY_02"
"mn_mg_kg",134,"FASY",3,2024-08-13,"FASY_02"
"p_mg_kg",799,"FASY",3,2024-08-13,"FASY_02"
"s_mg_kg",1175,"FASY",3,2024-08-13,"FASY_02"
"zn_mg_kg",21.7,"FASY",3,2024-08-13,"FASY_02"
"al_mg_kg",49.2,"FASY",3,2024-08-13,"FASY_03"
"ca_mg_kg",14407,"FASY",3,2024-08-13,"FASY_03"
"fe_mg_kg",90.8,"FASY",3,2024-08-13,"FASY_03"
"k_mg_kg",6318,"FASY",3,2024-08-13,"FASY_03"
"mg_mg_kg",1444,"FASY",3,2024-08-13,"FASY_03"
"mn_mg_kg",178,"FASY",3,2024-08-13,"FASY_03"
"na_mg_kg",28.2,"FASY",3,2024-08-13,"FASY_03"
"p_mg_kg",1039,"FASY",3,2024-08-13,"FASY_03"
"s_mg_kg",1280,"FASY",3,2024-08-13,"FASY_03"
"zn_mg_kg",26.4,"FASY",3,2024-08-13,"FASY_03"
"al_mg_kg",39.4,"FASY",3,2024-08-13,"FASY_04"
"ca_mg_kg",12475,"FASY",3,2024-08-13,"FASY_04"
"fe_mg_kg",93.5,"FASY",3,2024-08-13,"FASY_04"
"k_mg_kg",6327,"FASY",3,2024-08-13,"FASY_04"
"mg_mg_kg",1099,"FASY",3,2024-08-13,"FASY_04"
"mn_mg_kg",129,"FASY",3,2024-08-13,"FASY_04"
"p_mg_kg",866,"FASY",3,2024-08-13,"FASY_04"
"s_mg_kg",1205,"FASY",3,2024-08-13,"FASY_04"
"zn_mg_kg",42.3,"FASY",3,2024-08-13,"FASY_04"
"al_mg_kg",20.9,"FREX",3,2024-08-13,"FREX_05"
"ca_mg_kg",19073,"FREX",3,2024-08-13,"FREX_05"
"fe_mg_kg",67.4,"FREX",3,2024-08-13,"FREX_05"
"k_mg_kg",13097,"FREX",3,2024-08-13,"FREX_05"
"mg_mg_kg",2375,"FREX",3,2024-08-13,"FREX_05"
"mn_mg_kg",26.5,"FREX",3,2024-08-13,"FREX_05"
"p_mg_kg",1278,"FREX",3,2024-08-13,"FREX_05"
"s_mg_kg",2139,"FREX",3,2024-08-13,"FREX_05"
"zn_mg_kg",16.9,"FREX",3,2024-08-13,"FREX_05"
"al_mg_kg",35.7,"FREX",3,2024-08-13,"FREX_06"
"ca_mg_kg",19628,"FREX",3,2024-08-13,"FREX_06"
"fe_mg_kg",74.2,"FREX",3,2024-08-13,"FREX_06"
"k_mg_kg",9247,"FREX",3,2024-08-13,"FREX_06"
"mg_mg_kg",2358,"FREX",3,2024-08-13,"FREX_06"
"mn_mg_kg",21.2,"FREX",3,2024-08-13,"FREX_06"
"p_mg_kg",1127,"FREX",3,2024-08-13,"FREX_06"
"s_mg_kg",2326,"FREX",3,2024-08-13,"FREX_06"
"zn_mg_kg",23.5,"FREX",3,2024-08-13,"FREX_06"
"al_mg_kg",14.6,"FREX",3,2024-08-13,"FREX_07"
"ca_mg_kg",14298,"FREX",3,2024-08-13,"FREX_07"
"fe_mg_kg",75.1,"FREX",3,2024-08-13,"FREX_07"
"k_mg_kg",7582,"FREX",3,2024-08-13,"FREX_07"
"mg_mg_kg",2037,"FREX",3,2024-08-13,"FREX_07"
"mn_mg_kg",20.3,"FREX",3,2024-08-13,"FREX_07"
"p_mg_kg",1077,"FREX",3,2024-08-13,"FREX_07"
"s_mg_kg",1595,"FREX",3,2024-08-13,"FREX_07"
"zn_mg_kg",14.1,"FREX",3,2024-08-13,"FREX_07"
"al_mg_kg",12.6,"FREX",3,2024-08-13,"FREX_08"
"ca_mg_kg",21146,"FREX",3,2024-08-13,"FREX_08"
"fe_mg_kg",62.6,"FREX",3,2024-08-13,"FREX_08"
"k_mg_kg",11324,"FREX",3,2024-08-13,"FREX_08"
"mg_mg_kg",2912,"FREX",3,2024-08-13,"FREX_08"
"mn_mg_kg",46.7,"FREX",3,2024-08-13,"FREX_08"
"p_mg_kg",1243,"FREX",3,2024-08-13,"FREX_08"
"s_mg_kg",2249,"FREX",3,2024-08-13,"FREX_08"
"zn_mg_kg",17.8,"FREX",3,2024-08-13,"FREX_08"
"al_mg_kg",51.4,"FASY",4,2024-09-23,"FASY_01"
"ca_mg_kg",11468,"FASY",4,2024-09-23,"FASY_01"
"fe_mg_kg",83.4,"FASY",4,2024-09-23,"FASY_01"
"k_mg_kg",5686,"FASY",4,2024-09-23,"FASY_01"
"mg_mg_kg",1048,"FASY",4,2024-09-23,"FASY_01"
"mn_mg_kg",81.9,"FASY",4,2024-09-23,"FASY_01"
"p_mg_kg",989,"FASY",4,2024-09-23,"FASY_01"
"s_mg_kg",1173,"FASY",4,2024-09-23,"FASY_01"
"zn_mg_kg",22.4,"FASY",4,2024-09-23,"FASY_01"
"al_mg_kg",46.7,"FASY",4,2024-09-23,"FASY_02"
"ca_mg_kg",14792,"FASY",4,2024-09-23,"FASY_02"
"fe_mg_kg",114,"FASY",4,2024-09-23,"FASY_02"
"k_mg_kg",4613,"FASY",4,2024-09-23,"FASY_02"
"mg_mg_kg",846,"FASY",4,2024-09-23,"FASY_02"
"mn_mg_kg",152,"FASY",4,2024-09-23,"FASY_02"
"p_mg_kg",724,"FASY",4,2024-09-23,"FASY_02"
"s_mg_kg",1015,"FASY",4,2024-09-23,"FASY_02"
"zn_mg_kg",19.6,"FASY",4,2024-09-23,"FASY_02"
"al_mg_kg",62.1,"FASY",4,2024-09-23,"FASY_03"
"ca_mg_kg",14999,"FASY",4,2024-09-23,"FASY_03"
"fe_mg_kg",103,"FASY",4,2024-09-23,"FASY_03"
"k_mg_kg",3592,"FASY",4,2024-09-23,"FASY_03"
"mg_mg_kg",1206,"FASY",4,2024-09-23,"FASY_03"
"mn_mg_kg",183,"FASY",4,2024-09-23,"FASY_03"
"p_mg_kg",845,"FASY",4,2024-09-23,"FASY_03"
"s_mg_kg",1296,"FASY",4,2024-09-23,"FASY_03"
"zn_mg_kg",29.8,"FASY",4,2024-09-23,"FASY_03"
"al_mg_kg",37.3,"FASY",4,2024-09-23,"FASY_04"
"ca_mg_kg",11323,"FASY",4,2024-09-23,"FASY_04"
"fe_mg_kg",107,"FASY",4,2024-09-23,"FASY_04"
"k_mg_kg",6068,"FASY",4,2024-09-23,"FASY_04"
"mg_mg_kg",825,"FASY",4,2024-09-23,"FASY_04"
"mn_mg_kg",151,"FASY",4,2024-09-23,"FASY_04"
"p_mg_kg",954,"FASY",4,2024-09-23,"FASY_04"
"s_mg_kg",1196,"FASY",4,2024-09-23,"FASY_04"
"zn_mg_kg",32.5,"FASY",4,2024-09-23,"FASY_04"
"al_mg_kg",30.4,"FREX",4,2024-09-23,"FREX_05"
"ca_mg_kg",20949,"FREX",4,2024-09-23,"FREX_05"
"fe_mg_kg",101,"FREX",4,2024-09-23,"FREX_05"
"k_mg_kg",10486,"FREX",4,2024-09-23,"FREX_05"
"mg_mg_kg",2686,"FREX",4,2024-09-23,"FREX_05"
"mn_mg_kg",19.4,"FREX",4,2024-09-23,"FREX_05"
"na_mg_kg",30.1,"FREX",4,2024-09-23,"FREX_05"
"p_mg_kg",1185,"FREX",4,2024-09-23,"FREX_05"
"s_mg_kg",2359,"FREX",4,2024-09-23,"FREX_05"
"zn_mg_kg",26,"FREX",4,2024-09-23,"FREX_05"
"al_mg_kg",50.2,"FREX",4,2024-09-23,"FREX_06"
"ca_mg_kg",20760,"FREX",4,2024-09-23,"FREX_06"
"fe_mg_kg",132,"FREX",4,2024-09-23,"FREX_06"
"k_mg_kg",11482,"FREX",4,2024-09-23,"FREX_06"
"mg_mg_kg",2105,"FREX",4,2024-09-23,"FREX_06"
"mn_mg_kg",27.3,"FREX",4,2024-09-23,"FREX_06"
"p_mg_kg",1147,"FREX",4,2024-09-23,"FREX_06"
"s_mg_kg",1943,"FREX",4,2024-09-23,"FREX_06"
"zn_mg_kg",22.3,"FREX",4,2024-09-23,"FREX_06"
"al_mg_kg",63.1,"FREX",4,2024-09-23,"FREX_07"
"ca_mg_kg",14063,"FREX",4,2024-09-23,"FREX_07"
"fe_mg_kg",118,"FREX",4,2024-09-23,"FREX_07"
"k_mg_kg",4338,"FREX",4,2024-09-23,"FREX_07"
"mg_mg_kg",1927,"FREX",4,2024-09-23,"FREX_07"
"mn_mg_kg",15.9,"FREX",4,2024-09-23,"FREX_07"
"p_mg_kg",975,"FREX",4,2024-09-23,"FREX_07"
"s_mg_kg",1515,"FREX",4,2024-09-23,"FREX_07"
"zn_mg_kg",13.9,"FREX",4,2024-09-23,"FREX_07"
"al_mg_kg",47,"FREX",4,2024-09-23,"FREX_08"
"ca_mg_kg",19387,"FREX",4,2024-09-23,"FREX_08"
"fe_mg_kg",91.4,"FREX",4,2024-09-23,"FREX_08"
"k_mg_kg",4308,"FREX",4,2024-09-23,"FREX_08"
"mg_mg_kg",2051,"FREX",4,2024-09-23,"FREX_08"
"mn_mg_kg",35.2,"FREX",4,2024-09-23,"FREX_08"
"p_mg_kg",974,"FREX",4,2024-09-23,"FREX_08"
"s_mg_kg",1605,"FREX",4,2024-09-23,"FREX_08"
"zn_mg_kg",17.6,"FREX",4,2024-09-23,"FREX_08"
"c_con",48.44,"FASY",1,2023-06-13,"FASY_01"
"ca_con_mg_kg",7765,"FASY",1,2023-06-13,"FASY_01"
"k_con_mg_kg",5401,"FASY",1,2023-06-13,"FASY_01"
"mg_con_mg_kg",1251,"FASY",1,2023-06-13,"FASY_01"
"n_con",2.27,"FASY",1,2023-06-13,"FASY_01"
"p_con_mg_kg",1179,"FASY",1,2023-06-13,"FASY_01"
"s_con_mg_kg",1310,"FASY",1,2023-06-13,"FASY_01"
"c_con",50.19,"FASY",1,2023-06-13,"FASY_02"
"ca_con_mg_kg",7934,"FASY",1,2023-06-13,"FASY_02"
"k_con_mg_kg",3089,"FASY",1,2023-06-13,"FASY_02"
"mg_con_mg_kg",673,"FASY",1,2023-06-13,"FASY_02"
"n_con",1.87,"FASY",1,2023-06-13,"FASY_02"
"p_con_mg_kg",957,"FASY",1,2023-06-13,"FASY_02"
"s_con_mg_kg",1065,"FASY",1,2023-06-13,"FASY_02"
"c_con",48.1,"FASY",1,2023-06-13,"FASY_03"
"ca_con_mg_kg",7902,"FASY",1,2023-06-13,"FASY_03"
"k_con_mg_kg",5159,"FASY",1,2023-06-13,"FASY_03"
"mg_con_mg_kg",1442,"FASY",1,2023-06-13,"FASY_03"
"n_con",2.19,"FASY",1,2023-06-13,"FASY_03"
"p_con_mg_kg",1097,"FASY",1,2023-06-13,"FASY_03"
"s_con_mg_kg",1109,"FASY",1,2023-06-13,"FASY_03"
"c_con",49.83,"FASY",1,2023-06-13,"FASY_04"
"ca_con_mg_kg",6834,"FASY",1,2023-06-13,"FASY_04"
"k_con_mg_kg",6131,"FASY",1,2023-06-13,"FASY_04"
"mg_con_mg_kg",1108,"FASY",1,2023-06-13,"FASY_04"
"n_con",2.15,"FASY",1,2023-06-13,"FASY_04"
"p_con_mg_kg",1166,"FASY",1,2023-06-13,"FASY_04"
"s_con_mg_kg",1288,"FASY",1,2023-06-13,"FASY_04"
"c_con",46.36,"FREX",1,2023-06-13,"FREX_05"
"ca_con_mg_kg",7623,"FREX",1,2023-06-13,"FREX_05"
"k_con_mg_kg",10967,"FREX",1,2023-06-13,"FREX_05"
"mg_con_mg_kg",1300,"FREX",1,2023-06-13,"FREX_05"
"n_con",2.55,"FREX",1,2023-06-13,"FREX_05"
"p_con_mg_kg",1704,"FREX",1,2023-06-13,"FREX_05"
"s_con_mg_kg",1976,"FREX",1,2023-06-13,"FREX_05"
"c_con",46.18,"FREX",1,2023-06-13,"FREX_06"
"ca_con_mg_kg",10076,"FREX",1,2023-06-13,"FREX_06"
"k_con_mg_kg",11545,"FREX",1,2023-06-13,"FREX_06"
"mg_con_mg_kg",1876,"FREX",1,2023-06-13,"FREX_06"
"n_con",2.86,"FREX",1,2023-06-13,"FREX_06"
"p_con_mg_kg",1793,"FREX",1,2023-06-13,"FREX_06"
"s_con_mg_kg",2326,"FREX",1,2023-06-13,"FREX_06"
"c_con",46.06,"FREX",1,2023-06-13,"FREX_07"
"ca_con_mg_kg",8127,"FREX",1,2023-06-13,"FREX_07"
"k_con_mg_kg",13550,"FREX",1,2023-06-13,"FREX_07"
"mg_con_mg_kg",1659,"FREX",1,2023-06-13,"FREX_07"
"n_con",2.61,"FREX",1,2023-06-13,"FREX_07"
"p_con_mg_kg",1684,"FREX",1,2023-06-13,"FREX_07"
"s_con_mg_kg",1817,"FREX",1,2023-06-13,"FREX_07"
"c_con",45,"FREX",1,2023-06-13,"FREX_08"
"ca_con_mg_kg",13351,"FREX",1,2023-06-13,"FREX_08"
"k_con_mg_kg",11914,"FREX",1,2023-06-13,"FREX_08"
"mg_con_mg_kg",2480,"FREX",1,2023-06-13,"FREX_08"
"n_con",3.27,"FREX",1,2023-06-13,"FREX_08"
"p_con_mg_kg",1799,"FREX",1,2023-06-13,"FREX_08"
"s_con_mg_kg",2460,"FREX",1,2023-06-13,"FREX_08"
"c_con",48.24,"FASY",2,2023-07-17,"FASY_01"
"ca_con_mg_kg",8937,"FASY",2,2023-07-17,"FASY_01"
"k_con_mg_kg",5373,"FASY",2,2023-07-17,"FASY_01"
"mg_con_mg_kg",1281,"FASY",2,2023-07-17,"FASY_01"
"n_con",2.32,"FASY",2,2023-07-17,"FASY_01"
"p_con_mg_kg",965,"FASY",2,2023-07-17,"FASY_01"
"s_con_mg_kg",1206,"FASY",2,2023-07-17,"FASY_01"
"c_con",48.37,"FASY",2,2023-07-17,"FASY_02"
"ca_con_mg_kg",10390,"FASY",2,2023-07-17,"FASY_02"
"k_con_mg_kg",2839,"FASY",2,2023-07-17,"FASY_02"
"mg_con_mg_kg",1002,"FASY",2,2023-07-17,"FASY_02"
"n_con",1.91,"FASY",2,2023-07-17,"FASY_02"
"p_con_mg_kg",879,"FASY",2,2023-07-17,"FASY_02"
"s_con_mg_kg",1095,"FASY",2,2023-07-17,"FASY_02"
"c_con",48.81,"FASY",2,2023-07-17,"FASY_03"
"ca_con_mg_kg",9498,"FASY",2,2023-07-17,"FASY_03"
"k_con_mg_kg",5128,"FASY",2,2023-07-17,"FASY_03"
"mg_con_mg_kg",1399,"FASY",2,2023-07-17,"FASY_03"
"n_con",2.27,"FASY",2,2023-07-17,"FASY_03"
"p_con_mg_kg",985,"FASY",2,2023-07-17,"FASY_03"
"s_con_mg_kg",1181,"FASY",2,2023-07-17,"FASY_03"
"c_con",47.66,"FASY",2,2023-07-17,"FASY_04"
"ca_con_mg_kg",10924,"FASY",2,2023-07-17,"FASY_04"
"k_con_mg_kg",6157,"FASY",2,2023-07-17,"FASY_04"
"mg_con_mg_kg",1518,"FASY",2,2023-07-17,"FASY_04"
"n_con",2.36,"FASY",2,2023-07-17,"FASY_04"
"p_con_mg_kg",978,"FASY",2,2023-07-17,"FASY_04"
"s_con_mg_kg",1313,"FASY",2,2023-07-17,"FASY_04"
"c_con",45.09,"FREX",2,2023-07-17,"FREX_05"
"ca_con_mg_kg",13537.5,"FREX",2,2023-07-17,"FREX_05"
"k_con_mg_kg",12649.5,"FREX",2,2023-07-17,"FREX_05"
"mg_con_mg_kg",1757.5,"FREX",2,2023-07-17,"FREX_05"
"n_con",2.04,"FREX",2,2023-07-17,"FREX_05"
"p_con_mg_kg",1262,"FREX",2,2023-07-17,"FREX_05"
"s_con_mg_kg",1862,"FREX",2,2023-07-17,"FREX_05"
"c_con",45.66,"FREX",2,2023-07-17,"FREX_06"
"ca_con_mg_kg",17040,"FREX",2,2023-07-17,"FREX_06"
"k_con_mg_kg",8531,"FREX",2,2023-07-17,"FREX_06"
"mg_con_mg_kg",2406,"FREX",2,2023-07-17,"FREX_06"
"n_con",2.59,"FREX",2,2023-07-17,"FREX_06"
"p_con_mg_kg",1086,"FREX",2,2023-07-17,"FREX_06"
"s_con_mg_kg",2224,"FREX",2,2023-07-17,"FREX_06"
"c_con",45.52,"FREX",2,2023-07-17,"FREX_07"
"ca_con_mg_kg",11182,"FREX",2,2023-07-17,"FREX_07"
"k_con_mg_kg",10817,"FREX",2,2023-07-17,"FREX_07"
"mg_con_mg_kg",1950,"FREX",2,2023-07-17,"FREX_07"
"n_con",2.26,"FREX",2,2023-07-17,"FREX_07"
"p_con_mg_kg",1216,"FREX",2,2023-07-17,"FREX_07"
"s_con_mg_kg",1662,"FREX",2,2023-07-17,"FREX_07"
"c_con",44.66,"FREX",2,2023-07-17,"FREX_08"
"ca_con_mg_kg",18568.5,"FREX",2,2023-07-17,"FREX_08"
"k_con_mg_kg",8337.5,"FREX",2,2023-07-17,"FREX_08"
"mg_con_mg_kg",2720.5,"FREX",2,2023-07-17,"FREX_08"
"n_con",2.845,"FREX",2,2023-07-17,"FREX_08"
"p_con_mg_kg",1336,"FREX",2,2023-07-17,"FREX_08"
"s_con_mg_kg",2150,"FREX",2,2023-07-17,"FREX_08"
"c_con",48.63,"FASY",3,2023-08-08,"FASY_01"
"ca_con_mg_kg",9051,"FASY",3,2023-08-08,"FASY_01"
"k_con_mg_kg",3677,"FASY",3,2023-08-08,"FASY_01"
"mg_con_mg_kg",964,"FASY",3,2023-08-08,"FASY_01"
"n_con",2.19,"FASY",3,2023-08-08,"FASY_01"
"p_con_mg_kg",809,"FASY",3,2023-08-08,"FASY_01"
"s_con_mg_kg",1087,"FASY",3,2023-08-08,"FASY_01"
"c_con",48.59,"FASY",3,2023-08-08,"FASY_02"
"ca_con_mg_kg",9735,"FASY",3,2023-08-08,"FASY_02"
"k_con_mg_kg",2687,"FASY",3,2023-08-08,"FASY_02"
"mg_con_mg_kg",828,"FASY",3,2023-08-08,"FASY_02"
"n_con",1.8,"FASY",3,2023-08-08,"FASY_02"
"p_con_mg_kg",739,"FASY",3,2023-08-08,"FASY_02"
"s_con_mg_kg",1009,"FASY",3,2023-08-08,"FASY_02"
"c_con",47.12,"FASY",3,2023-08-08,"FASY_03"
"ca_con_mg_kg",11626,"FASY",3,2023-08-08,"FASY_03"
"k_con_mg_kg",5698,"FASY",3,2023-08-08,"FASY_03"
"mg_con_mg_kg",1546,"FASY",3,2023-08-08,"FASY_03"
"n_con",2.11,"FASY",3,2023-08-08,"FASY_03"
"p_con_mg_kg",951,"FASY",3,2023-08-08,"FASY_03"
"s_con_mg_kg",1082,"FASY",3,2023-08-08,"FASY_03"
"c_con",48.01,"FASY",3,2023-08-08,"FASY_04"
"ca_con_mg_kg",6990,"FASY",3,2023-08-08,"FASY_04"
"k_con_mg_kg",4617,"FASY",3,2023-08-08,"FASY_04"
"mg_con_mg_kg",729,"FASY",3,2023-08-08,"FASY_04"
"n_con",1.86,"FASY",3,2023-08-08,"FASY_04"
"p_con_mg_kg",714,"FASY",3,2023-08-08,"FASY_04"
"s_con_mg_kg",982,"FASY",3,2023-08-08,"FASY_04"
"c_con",45.23,"FREX",3,2023-08-08,"FREX_05"
"ca_con_mg_kg",15840,"FREX",3,2023-08-08,"FREX_05"
"k_con_mg_kg",8991,"FREX",3,2023-08-08,"FREX_05"
"mg_con_mg_kg",1942,"FREX",3,2023-08-08,"FREX_05"
"n_con",2.04,"FREX",3,2023-08-08,"FREX_05"
"p_con_mg_kg",1223,"FREX",3,2023-08-08,"FREX_05"
"s_con_mg_kg",1480,"FREX",3,2023-08-08,"FREX_05"
"c_con",45.31,"FREX",3,2023-08-08,"FREX_06"
"ca_con_mg_kg",15541,"FREX",3,2023-08-08,"FREX_06"
"k_con_mg_kg",6281,"FREX",3,2023-08-08,"FREX_06"
"mg_con_mg_kg",2149,"FREX",3,2023-08-08,"FREX_06"
"n_con",2.51,"FREX",3,2023-08-08,"FREX_06"
"p_con_mg_kg",1146,"FREX",3,2023-08-08,"FREX_06"
"s_con_mg_kg",2245,"FREX",3,2023-08-08,"FREX_06"
"c_con",47.54,"FREX",3,2023-08-08,"FREX_07"
"ca_con_mg_kg",10005,"FREX",3,2023-08-08,"FREX_07"
"k_con_mg_kg",6823,"FREX",3,2023-08-08,"FREX_07"
"mg_con_mg_kg",1382,"FREX",3,2023-08-08,"FREX_07"
"n_con",2.36,"FREX",3,2023-08-08,"FREX_07"
"p_con_mg_kg",1060,"FREX",3,2023-08-08,"FREX_07"
"s_con_mg_kg",1322,"FREX",3,2023-08-08,"FREX_07"
"c_con",45.61,"FREX",3,2023-08-08,"FREX_08"
"ca_con_mg_kg",20356,"FREX",3,2023-08-08,"FREX_08"
"k_con_mg_kg",5229,"FREX",3,2023-08-08,"FREX_08"
"mg_con_mg_kg",2672,"FREX",3,2023-08-08,"FREX_08"
"n_con",2.59,"FREX",3,2023-08-08,"FREX_08"
"p_con_mg_kg",1309,"FREX",3,2023-08-08,"FREX_08"
"s_con_mg_kg",2064,"FREX",3,2023-08-08,"FREX_08"
"c_con",48.09,"FASY",4,2023-09-18,"FASY_01"
"ca_con_mg_kg",13258,"FASY",4,2023-09-18,"FASY_01"
"k_con_mg_kg",4905,"FASY",4,2023-09-18,"FASY_01"
"mg_con_mg_kg",1332,"FASY",4,2023-09-18,"FASY_01"
"n_con",2.22,"FASY",4,2023-09-18,"FASY_01"
"p_con_mg_kg",969,"FASY",4,2023-09-18,"FASY_01"
"s_con_mg_kg",1202,"FASY",4,2023-09-18,"FASY_01"
"c_con",47.62,"FASY",4,2023-09-18,"FASY_02"
"ca_con_mg_kg",12653,"FASY",4,2023-09-18,"FASY_02"
"k_con_mg_kg",3680,"FASY",4,2023-09-18,"FASY_02"
"mg_con_mg_kg",1307,"FASY",4,2023-09-18,"FASY_02"
"n_con",1.95,"FASY",4,2023-09-18,"FASY_02"
"p_con_mg_kg",986,"FASY",4,2023-09-18,"FASY_02"
"s_con_mg_kg",1106,"FASY",4,2023-09-18,"FASY_02"
"c_con",48.34,"FASY",4,2023-09-18,"FASY_03"
"ca_con_mg_kg",8852,"FASY",4,2023-09-18,"FASY_03"
"k_con_mg_kg",5349,"FASY",4,2023-09-18,"FASY_03"
"mg_con_mg_kg",1166,"FASY",4,2023-09-18,"FASY_03"
"n_con",2.1,"FASY",4,2023-09-18,"FASY_03"
"p_con_mg_kg",1016,"FASY",4,2023-09-18,"FASY_03"
"s_con_mg_kg",1199,"FASY",4,2023-09-18,"FASY_03"
"c_con",48.55,"FASY",4,2023-09-18,"FASY_04"
"ca_con_mg_kg",8501,"FASY",4,2023-09-18,"FASY_04"
"k_con_mg_kg",6635,"FASY",4,2023-09-18,"FASY_04"
"mg_con_mg_kg",951,"FASY",4,2023-09-18,"FASY_04"
"n_con",2.17,"FASY",4,2023-09-18,"FASY_04"
"p_con_mg_kg",972,"FASY",4,2023-09-18,"FASY_04"
"s_con_mg_kg",1133,"FASY",4,2023-09-18,"FASY_04"
"c_con",44.42,"FREX",4,2023-09-18,"FREX_05"
"ca_con_mg_kg",21356,"FREX",4,2023-09-18,"FREX_05"
"k_con_mg_kg",10163,"FREX",4,2023-09-18,"FREX_05"
"mg_con_mg_kg",2088,"FREX",4,2023-09-18,"FREX_05"
"n_con",2.13,"FREX",4,2023-09-18,"FREX_05"
"p_con_mg_kg",1124,"FREX",4,2023-09-18,"FREX_05"
"s_con_mg_kg",1620,"FREX",4,2023-09-18,"FREX_05"
"c_con",44.59,"FREX",4,2023-09-18,"FREX_06"
"ca_con_mg_kg",19323,"FREX",4,2023-09-18,"FREX_06"
"k_con_mg_kg",8873,"FREX",4,2023-09-18,"FREX_06"
"mg_con_mg_kg",2375,"FREX",4,2023-09-18,"FREX_06"
"n_con",2.32,"FREX",4,2023-09-18,"FREX_06"
"p_con_mg_kg",1061,"FREX",4,2023-09-18,"FREX_06"
"s_con_mg_kg",2170,"FREX",4,2023-09-18,"FREX_06"
"c_con",45.74,"FREX",4,2023-09-18,"FREX_07"
"ca_con_mg_kg",16545,"FREX",4,2023-09-18,"FREX_07"
"k_con_mg_kg",8278,"FREX",4,2023-09-18,"FREX_07"
"mg_con_mg_kg",2080,"FREX",4,2023-09-18,"FREX_07"
"n_con",2.22,"FREX",4,2023-09-18,"FREX_07"
"p_con_mg_kg",1001,"FREX",4,2023-09-18,"FREX_07"
"s_con_mg_kg",1470,"FREX",4,2023-09-18,"FREX_07"
"c_con",44.65,"FREX",4,2023-09-18,"FREX_08"
"ca_con_mg_kg",22772,"FREX",4,2023-09-18,"FREX_08"
"k_con_mg_kg",6139,"FREX",4,2023-09-18,"FREX_08"
"mg_con_mg_kg",2928,"FREX",4,2023-09-18,"FREX_08"
"n_con",2.48,"FREX",4,2023-09-18,"FREX_08"
"p_con_mg_kg",979,"FREX",4,2023-09-18,"FREX_08"
"s_con_mg_kg",1732,"FREX",4,2023-09-18,"FREX_08"
"c_con",49.61,"FASY",1,2024-05-28,"FASY_01"
"n_con",1.92,"FASY",1,2024-05-28,"FASY_01"
"c_con",49.94,"FASY",1,2024-05-28,"FASY_02"
"n_con",1.86,"FASY",1,2024-05-28,"FASY_02"
"c_con",48.47,"FASY",1,2024-05-28,"FASY_03"
"n_con",2.37,"FASY",1,2024-05-28,"FASY_03"
"c_con",49.49,"FASY",1,2024-05-28,"FASY_04"
"n_con",2.06,"FASY",1,2024-05-28,"FASY_04"
"c_con",48.49,"FREX",1,2024-05-28,"FREX_05"
"n_con",3.69,"FREX",1,2024-05-28,"FREX_05"
"c_con",47.74,"FREX",1,2024-05-28,"FREX_06"
"n_con",3.06,"FREX",1,2024-05-28,"FREX_06"
"c_con",48.18,"FREX",1,2024-05-28,"FREX_07"
"n_con",4.18,"FREX",1,2024-05-28,"FREX_07"
"c_con",47.71,"FREX",1,2024-05-28,"FREX_08"
"n_con",3.45,"FREX",1,2024-05-28,"FREX_08"
"c_con",49.04,"FASY",2,2024-07-09,"FASY_01"
"n_con",2.28,"FASY",2,2024-07-09,"FASY_01"
"c_con",49.29,"FASY",2,2024-07-09,"FASY_02"
"n_con",2.06,"FASY",2,2024-07-09,"FASY_02"
"c_con",49.16,"FASY",2,2024-07-09,"FASY_03"
"n_con",2.19,"FASY",2,2024-07-09,"FASY_03"
"c_con",49.52,"FASY",2,2024-07-09,"FASY_04"
"n_con",2.24,"FASY",2,2024-07-09,"FASY_04"
"c_con",46.92,"FREX",2,2024-07-09,"FREX_05"
"n_con",2.3,"FREX",2,2024-07-09,"FREX_05"
"c_con",47.15,"FREX",2,2024-07-09,"FREX_06"
"n_con",2.26,"FREX",2,2024-07-09,"FREX_06"
"c_con",47.23,"FREX",2,2024-07-09,"FREX_07"
"n_con",2.52,"FREX",2,2024-07-09,"FREX_07"
"c_con",46.42,"FREX",2,2024-07-09,"FREX_08"
"n_con",2.53,"FREX",2,2024-07-09,"FREX_08"
"c_con",49.51,"FASY",3,2024-08-13,"FASY_01"
"n_con",2.28,"FASY",3,2024-08-13,"FASY_01"
"c_con",49.09,"FASY",3,2024-08-13,"FASY_02"
"n_con",1.99,"FASY",3,2024-08-13,"FASY_02"
"c_con",49.06,"FASY",3,2024-08-13,"FASY_03"
"n_con",2.31,"FASY",3,2024-08-13,"FASY_03"
"c_con",49.15,"FASY",3,2024-08-13,"FASY_04"
"n_con",2.25,"FASY",3,2024-08-13,"FASY_04"
"c_con",45.74,"FREX",3,2024-08-13,"FREX_05"
"n_con",2.39,"FREX",3,2024-08-13,"FREX_05"
"c_con",46.51,"FREX",3,2024-08-13,"FREX_06"
"n_con",2.6,"FREX",3,2024-08-13,"FREX_06"
"c_con",47.28,"FREX",3,2024-08-13,"FREX_07"
"n_con",2.4,"FREX",3,2024-08-13,"FREX_07"
"c_con",46.37,"FREX",3,2024-08-13,"FREX_08"
"n_con",2.88,"FREX",3,2024-08-13,"FREX_08"
"c_con",49.5,"FASY",4,2024-09-23,"FASY_01"
"n_con",1.95,"FASY",4,2024-09-23,"FASY_01"
"c_con",49.7,"FASY",4,2024-09-23,"FASY_02"
"n_con",1.59,"FASY",4,2024-09-23,"FASY_02"
"c_con",49.49,"FASY",4,2024-09-23,"FASY_03"
"n_con",1.96,"FASY",4,2024-09-23,"FASY_03"
"c_con",49.65,"FASY",4,2024-09-23,"FASY_04"
"n_con",2.14,"FASY",4,2024-09-23,"FASY_04"
"c_con",46.09,"FREX",4,2024-09-23,"FREX_05"
"n_con",2.45,"FREX",4,2024-09-23,"FREX_05"
"c_con",45.78,"FREX",4,2024-09-23,"FREX_06"
"n_con",2.19,"FREX",4,2024-09-23,"FREX_06"
"c_con",47.19,"FREX",4,2024-09-23,"FREX_07"
"n_con",2.09,"FREX",4,2024-09-23,"FREX_07"
"c_con",46.57,"FREX",4,2024-09-23,"FREX_08"
"n_con",2.15,"FREX",4,2024-09-23,"FREX_08"
